,Phase,Schritt,Unterschritt = Titel,Text,Tags ,Verlinkung zu anderen Texten (Listen Titel),weitere Hinweise -> evtl. noch einarbeiten in Text,Ideen / Fragen,Inhalt fertig ,geprüft,Hochgeladen in Tool,
1,Konzeptionsphase,Art und Weise des Projekts,Generelle Überlegungen,"Mit der Idee oder dem Plan, ein Pfadiheim zu bauen oder um zu bauen startet die Bedürfnisabfrage. 

Besprecht diesen Fragekatalog ausführlich in einer breit abgestützen Gruppe:
- Welche Bedürfnisse wollen wir mit dem Heim erfüllen? 
- Welche Zielgruppen sprechen wir an damit?
- Wird das Heim extern vermietet oder ist es ein reines Abteilungsheim?
- Welche Räume benötigt die Abteilung, welche Räumlichkeiten werden von Privaten, Lagern (Unterschied Jugendvereine/Schulen) oder Ausbildungskurse benötigt?
- Soll das Heim auch für PTA nutzbar sein? Komplett barrierefrei oder teilweise?

Wichtig ist, dies als Sammlung zu betrachten. In einem nächsten Schritt sind diese Bedürfnisse einzuordnen und zu priorisieren. Gewisse Aspekte müssen von Anfang an mitgeplant werden, gewisse Punkte können auch erst  zu einem späteren Zeitpunkt definitiv entschieden werden.","Zielgruppe, Zweck, Bedürfnisse Abteilung/Stufen","2, 3, 4, 6, 7, 10, 11, 22, 23, 24, 32, 40, 44",,"Darstellung: Entscheidungsmatrix, was wenn wir ein Haus für die Abteilung haben möchten und gleichzeitig Kurshaus --> Folgen / Idee Raumaufteilung // evtl. in Abhängigkeit zu Preis / Finanzen (Finanzplanung grob)",Ri,ja,,
2,Konzeptionsphase,Art und Weise des Projekts,Übernachtungen,"Sollen Übernachtungen im Heim möglich sein? Wenn ja, wie soll übernachtet werden (Massenschlag, kleinere Zimmer, nur für eigene Abteilung, auch für Schulen etc.). Sobald in einem Heim Übernachtungsmöglichkeiten angeboten werden hat dies u.a. Auswirkungen auf die sanitären Anlagen, die Konzeption der Küche und auch im Bereich Brandschutz. Denkt auch daran, dass nach Geschlechtern getrennte Schlafräume zur Verfügung stehen sollen. 

Tipps: 
- notiert alle für euch möglichen Übernachtungsversionen 
- notiert zu jeder Version nötige Anpassungen (Räume, Aufteilung, Toiletten, Duschen, Küche, Essplätze, etc.)
- wählt die wahrscheinlichste(n) Möglichkeiten aus und gebt einer Planer*in den Auftrag, mal eine erste Skizze zu entwerfen","Zielgruppe, Zweck, Vermietungseinnahmen, Übernachtungen","1, 6, 7, 9, 22, 23, 25, 32, 33, 43, 46",,sollten mehr Konsequenzen aufgezeigt werden? Im Stil eines dichtomen Schlüssels? Oder reicht die aktuelle Darstellung?  ,Ri,,,
3,Konzeptionsphase,Art und Weise des Projekts,Art der Erneuerung,"Es bestehen verschiedene Möglichkeiten für die Erneuerung: Neubau, Umbau eines bestehenden Heims, Umnutzung einer bestehenden Immobilie. Bei einem Neubau muss mit höheren Kosten auf einmal gerechnet werden, bei Umbauten können verschiedene Etappen angegangen werden. Da das Bauland beschränkt ist und eine Umnutzung viel weniger Ressourcen benötigt, empfehlen wir, offen auf Ideen mit bestehenden Immobilien zuzugehen.

Folgende Fragen können eine Diskussionsgrundlage geben:
- Welche Optionen sind für eure Abteilung möglich und sinnvoll?
- Was ist mit den Wünschen aus den generellen Überlegungen vereinbar, was nicht?
- Gibt es leer stehende Immobilien im Ort, die allenfalls genutzt werden könnten?
- Welche Möglichkeiten bestehen überhaupt am aktuellen Standort?","Bedürfnisse, Umbau, Alternativen, ","2, 4, 6, 7, 9, 10, 22, 24, 32, 33, 35, ",,"Generelle Überlegungen - sollten danach hierher leiten. Zukunft wird Umbau/Ummnutzung sein: warum? Wenn es gute Gründe gibt: unbedingt listen/erwähnen.
Graue Energie bei Abbruch - ev. Artikel oder so verlinken?",Ri,,,
4,Konzeptionsphase,"Bauliche, ortbedingte Rahmenbedingungen",Standort und Abklärungen,"Viele Pfadiheime stehen heute ausserhalb der Bauzone. Neubauten sind hier praktisch unmöglich, Um- und allenfalls Ersatzneubauten (u.U. mit dem heutigen Fussabdruck) ist eher realisierbar. Im Grundsatz gehören Pfadiheime in eine Zone für öffentliche Bauten, welche die Gemeinde ausscheiden kann/muss. Es ist zentral, dass ihr mit euren Ideen frühzeitig auf die Gemeinde zugeht und abklärt, was überhaupt möglich ist. Damit die Anfrage auch zu einem handfesten Resultat führt, solltet ihr einige Informationen davor zusammentragen. Vieles findet ihr online in den kantonalen GIS-Plänen (Geoinformationssysteme), durch Rückfrage bei allfälligen Vorbesitzenden oder dem Archiv der Bauverwaltung eurer Gemeinde. Hilfreich ist dazu die Zusammenarbeit mit einem*r Planer*in. 

Sucht in jedem Fall folgende Unterlagen zusammen, bevor ihr weitere Abklärungen tätigt:
- Zone im Zonenplan Gemeinde/Kanton
- Erschliessung (Wasser, Abwasser, Strom, Zufahrt)
- Grenzabstände Wald, Gewässer, (Natur)Schutzgebiete
- Erstellungs- oder Umbaubewilligung des bisherigen Heims, allenfalls aktuelle Baubewilligungen 

Download: Dokument Ri über das Vorgehen","Umbau, Neubau, Möglichkeiten, Abklärungen, Ort, Parzelle, Bestand, Zonenreglement, Ausserhalb der Bauzone","1, 5, 17, 28, 32, 40",Zusammenstellung verlinken als Download,,Ri,ja,,
5,Planungsphase,,Baubewilligung einholen,"Bei Neubauten ist in jedem Fall eine Baubewilligung nötig. Je nach Standort erhaltet ihr diese durch die Gemeine und/oder den Kanton. Bei Umbauten ist eine detaillierte Abklärung mit der Gemeinde sinnvoll. In der Schweiz kann davon ausgegangen werden, dass praktisch jeder bauliche Eingriff baugesuchspflichtig ist. Dies vor allem, wenn sich das Pfadiheim ausserhalb der Bauzone, z.B. in der Landwirtschaftszone befindet. Baugesuchspflichtig ist in jedem Fall die Veränderung von Nasszellen, neue Nutzungen für Übernachtungen, Vergrösserungen etc., weil dadurch der Wasserverbrauch und der Anfall von Abwasser verändert wird und auch die Art der Erreichbarkeit, der Anzahl Zufahrten und ähnliches. Ein Ersatz der Fenster kann oft im Meldeverfahren geschehen, nicht aber, wenn ihr z.B. zusätzliche Dachfenster einbauen möchtet. Was ein Meldeverfahren genau bedeutet (Fristen, Planunterlagen usw.) ist in der kantonalen Bauverordnung geregelt.","Neubauten, teils Umbauten, Standort, Bauzonen, Baubewilligung, Meldeverfahren, Verfahren","1, 3, 4, 11, 13, 17, 18, 19, 28, 40, 46",,,,,,
6,Konzeptionsphase,Art und Weise des Projekts,Nutzung als Kursheim,"Eine zeitgemässe Zielgruppe sind Kurse. Das Raumangebot soll dabei folgende Elemente enthalten, damit es für diese Nutzung sinnvoll ist:
Checkliste Elemente für Kursdurchführung
- Schlafräume Teilnehmende
- Schlafräume fürs Leitungsteam und das Küchenteam
- Aufenthaltsräume und Gruppenräume (ggf. flexibel unterteilbar, freie Wand für Präsentationen)
- Sanitäre Anlagen
- Materialraum / Garderobe
Überdachte Vorplätze sind für Kurssequenzen auch nutzbar, Tische und Bänke sind dann auch hilfreich. Überlegt euch auch, ob allenfalls Gruppenräume der Stufen für Kurse vermietbar sind und so ""doppelt"" genutzt werden könnten. Die Raumaufteilung und Raumerschliessung soll für die möglichen Nutzungsgruppen passen, für euch als Abteilung und für die externe Nutzung.","Haustyp, Kursheim, Pfadiheim, Mieteinnahmen, Raumbedarf","1, 2, 3, 7, 9, 22, 23, 24, 40",,Sind die detaillierten Zimmerangaben nicht eher in der Planung statt Konzeption?,Ri,,,
7,Konzeptionsphase,Art und Weise des Projekts,Barrierefreiheit,"Barrierefreiheit / PTA-Tauglichkeit klären: soll es minimal nutzbar sein für Gruppen mit bewegungseingeschränkten Personen oder solchen im Rollstuhl (Z.B. nur Eingang, Essraum/Toiletten)? Oder ist eine komplette Barrierefreiheit gewünscht: Zugänglich sind dann auch Schlafräume, Leitendenzimmer, Küche, Duschen, mind. Teile der Aussenräume etc.). Wichtig ist z.B. die Frage: Sind barrierefreie Schlafräume und sanitäre Anlagen so angelegt, dass die Nutzer*innen integriert sind in das restliche Abteilungsgeschehen oder eher abgesondert (z.B. nur im unteren Stock, separate Zimmer,…), können/sollen Personen im Rollstuhl auch in der Küche mitwirken oder sogar selber kochen und die Aussenräume mitnutzen? Wie ist da die Zugänglichkeit z.B. zum Matraum, zur Feuerstelle? Gibt es Wiesen oder auch befestigte Flächen, welche mit Rollstühlen genutzt werden können?
Generell gelten die Normen SIA 500 „Hindernisfreie Bauten“ und die VSS 640 075 „Fussgängerverkehr – Hindernisfreier Verkehrsraum“, welche von Behinderten- und Baufachorganisationen definierten Regeln der Baukunde sind. Bei frühzeitiger Berücksichtigung sind die Mehrkosten unerheblich und können durch geschicktes Planen optimiert werden. Sinnvoll sind auch Abklärung bei lokalen Baubehörden bezüglich zwingenden Vorschriften oder auch Erfahrungen und Wünschen der Gemeinde.

Hilfreiche Links für die Gestaltung:
Hindernisfreie Architektur unter https://hindernisfreie-architektur.ch/wp-content/uploads/2017/05/Vortrag_2013_Hotel_Hindernisfrei_nach_SIA500.pdf
Hinweise zu barrierefreiem Bauen unter https://www.procap.ch/angebote/beratung-information/bauen-und-verkehr/bauen-fuer-alle
ProCap hat auch diverse regionale Fachstellen Hindernisfreies Bauen, welche kontaktiert werden können.
 
Hinweise für die (zusätzliche) Finanzierung von Massnahmen:
- PTA-Fonds der PBS
- Stiftung zur Förderung des behindertengerechten Bauens (Teil von ProCap)
- Ehemalige Pfadi Schweiz","Umbauten, Neubau, Integration, Raumaufteilung","1, 2, 3, 9, 10, 13, 20, 22, 24, 32, 33, 40","Barrierefreiheit siehe https://hindernisfreie-architektur.ch/wp-content/uploads/2017/05/Vortrag_2013_Hotel_Hindernisfrei_nach_SIA500.pdf
Hinweise zu barrierefreiem Bauen unter www.procap.ch","Strübi: Gilt es allenfalls Vorschriften zu beachten (öffentliche Nutzung). Bei Baubehörde nachfragen (Beispiel Zeltplatz Duschengebäude Alpe di Pazz)
Hinweis auf PBS-Kässeli, pro cap & Denk an mich!",Ri,,,
8,Konzeptionsphase,Struktur und Organisation,Meilensteine,"Setzt euch für die verschiedenen Phasen erste grobe Meilensteine und baut daraus einen ersten Zeitplan mit termingebundenen Meilensteinen auf. Dies kann noch ohne eine spezifische Organisation innerhalb der Abteilung sein. Danach ist die Gründung eines Projektteams zwingend. 
Um eine solche Planung zu erstellen, gibt es einfache Projektmanagementtools. Wichtig ist, diese Planung aktuell zu halten und auch auf Veränderungen eingehen zu können. Gerade Bewilligungsprozesse sind meist schwierig präzise zu planen. So ist es hilfreich, wenn von einander unabhängige Bereiche zur selben Zeit Abklärungen tätigen, Themen erarbeiten usw.","Zeitplan, Meilenstein, Termin","3, 13, 16, 21, 36, 37, 38",,,Ri,ja,,
9,Konzeptionsphase,Art und Weise des Projekts,Referenzprojekte,"Nehmt Kontakt auf mit Abteilungen, welche bereits ein neues Heim gebaut oder eines umgebaut haben. ihr findet so viele gute Ideen und Inspiration für euer Projekt. Viele ehemalige Projektteams teilen ihre Erfahrungen sehr gern und es ist hilfreich, von ihren Erfahrungen zu profitieren. Fragt bei eurem Kantonalverband nach, wo neue Heime sind, sie können euch die Kontakte vermitteln.

Die Stiftung Pfadiheime Schweiz kann für die Vermittlung von Kontakten und auch fachlicher Unterstützung jederzeit angefragt werden: info@stiftung-pfadiheime.ch","Referenzen, Projekte, Inspiration, Informationen sammeln","1, 2, 3, 6, 7, 13, 14, 15, 22, 23, 24, 25, 32, 43, 44, 45","Um eine Richtung einzuschlagen, gibt es hier Inspirationen mit Referenzbprojekten der letzten 10 Jahren: 
Liste mit Bauprojekten der vergangenen 5 Jahren:
- Pfadiheim Uri (Neubau)
- aktuell
http://www.pfadi-stein.ch/neubau/ 
- Wittenbach (SG)
- Rapperswil-Jona, General Dufour (SG)
- Eschenbach (SG)
- Pfadiheim Humlikon (ZH) (renoviert)
Auch unsere Stiftung als Vermittlerin angeben? Wir könnten kontakte zu überregionalen Projekten knüpfen, falls in der Nähre ine Referenzprojekt vorhanden wäre.","Links zu den Abteilungen ev. grad daruf, nach Rücksprache, im zweiten Schritt. Sinnvoll wäre auch eine Liste, wo Neu- resp. Umbauten stattgefunden haben.

Frage einer direkten Mailadresse zu einer Person: wer im Stiftungsrat würde sich dem annehmen?",Ri,ja,,
10,über alle Phasen,"Bauliche, ortbedingte Rahmenbedingungen",Ökologie am Bau,"Ökologische Aspekte sind über den gesamten Bauablauf zu betrachten. Diese Auseinandersetzung mit den unterschiedlichsten Themen wie Erreichbarkeit, Bauweise, Nutzung, Wärmegewinnung, verwendete Materialien ist zentral. Ihr entscheidet, wieviel Ökologie und Umweltfreundlichkeit ihr ""einbauen"" möchtet und wo ihr andere Schwerpunkte setzt.
Bereits die Auswahl des Standortes ermöglicht mehr oder wenige nachhaltige Bau- und Nutzungsweisen (Zufahrten, Leitungsbauten, Erreichbarkeit zu Fuss und öV etc.). Überlegt euch, wie ihr die Nutzung und Zufahrten in Zukunft seht und wie die Kinder für den Pfadibetrieb zum Heim kommen. Auch wenn ihr das Heim vermieten möchtet: macht der aktuelle Standort Sinn aus Sicht Erreichbarkeit mit dem öV? Gibt es Verbesserungspotential? Könnte die Gemeinde eine Veränderung anstreben?

Die grössten Hebel für zukunftfähiges Bauen findet ihr beispielsweise unter countdown2030.ch/hebel/ ","Materialwahl, Mobiliar","3, 9, 17, 29, 44, 46",,"Dieser Punkt sollte in der Planungsphase nochmals aufgeriffen werden.

Gibt es hier allenfalls Hilfsmittel mit guten TIpps?",Ri,ja,,
11,Konzeptionsphase,Struktur und Organisation,Rechtsform der Trägerschaft,"Die Klärung des Rechtsform der Trägerschaft ist ein zentraler Aspekt bei den strukturellen Überlegungen. Es hat sich bewährt, dass ein Pfadiheim einem separaten Heimverein ""gehört"", so sind die Risiken Pfadibetrieb-Pfadiheim auch juristisch klar getrennt. Denkbar ist auch die Errichtung einer Stiftung als Trägerin des Pfadiheims, dies ist aber recht aufwändig.  
Sowohl ein Heimverein wie auch eine Stiftung können von der kant. Steuerverwaltung als gemeinnützig (Steuerbefreit) anerkannt werden. Dies ist ein recht aufwändiger Prozess, der 1-2 Jahre dauern kann, kann sich aber uU sehr lohnen. So unterstützen viele Lotteriefonds und vermehrt auch Vergabestiftungen einen Pfadiheimbau nur, wenn die Steuerbefreitung vorliegt. Falls juristische Unterstützung gefragt ist, kann die Stiftung Pfadiheime ""Pfadi-Fachjuristen"" vermitteln.

Beispiel Heimvereinstatuten als Download","Trägerschaft, Rechtsform, Risiken","1, 9, 12, 13, 16",,,Ri,Strübi erledigt,,
12,Konzeptionsphase,Struktur und Organisation,Anforderungen an die Trägerschaft,"Der Verein oder die Stiftung, welchen das (zukünftige) Heim gehört, müssen nach Gesetz korrekte Strukturen aufweisen (ZGB Art. 79ff resp. 80ff). Es gilt, Statuten auszuarbeiten, geeignete Leute für Vorstand oder Siftungsrat zu finden und dann eine Gründungsversammlung durchzuführen. Dazu stellt die Stiftung Pfadiheime gerne Musterstatuten/Gründungsprotokolle etc. zur Verfügung.","Verein, Stiftung, Organisation, Rechtliches","1, 9, 11, 15, 16",,,Ri,Strübi erledigt,,
13,Konzeptionsphase,Struktur und Organisation,Organisation Projektteam,"Ein Projekt soll zeitlich und personell strukturiert sein. Dazu gehört die Erarbeitung der Organisation eines Projektteams, deren Leitung, eine mögliche Baukommission und der Beibezug von Expert*innen. Es ist zentral, eine Projektleitung einzusetzen! Sie ist neben der hauptsächlichen Ansprechperson auch für die Meilensteine verantwortlich und bespricht deren Aktualisierung regelmässig mit dem Planungsteam. Die Projektleitung sollte für diese Aufgabe genügend Zeit haben. Stellt euch die wichtige Frage, ob eine AL oder aktive Leitende tatsächlich die richtigen Personen dafür sind! Kann/Soll diese Person durch eine bezahlte Person ergänzt oder gar ersetzt werden? Mit fortschreitender Zeit des Projekts wird auch die Motivation des Teams ein wichtiger Teil werden. Sinnvollerweise sollte eine übergeordnete Gruppe dafür zuständig sein, z.B. das Elternkomitee. 

Überlegt euch bei der Suche für das Planungsteam: Wie sieht unser Netzwerk der Pfadi aus, welche Berufsgruppen haben wir vertreten? 

Achtung: Überschneiden sich die Tätigkeiten von Ehrenamtlichen und eine Berufsexpert*in so ist die Absprache rund um ehrenamtliche Tätigkeit und auch bezahlte Arbeit unabdingbar. Sprecht mögliche Problemfelder unbedingt früh genug an!","Projektteam, Projektleitung, Experten, Expert*innen, Ehrenamt","8, 9, 14, 15, 17, 18, 19, 20, 28, 37, 38",,"Dokument Beispiele einer Projektorganisation?

Gibt es Hinweise / Infos bezügich ehrenamtlicher Leistung?",Ri,,,
14,über alle Phasen,Struktur und Organisation,Ehrenamtliche Leistung,"Gerade bei sehr aufwändigen und zeitintensiven Projekten ist es wichtig, den Beitrag der aktiven Pfadis in der Abteilung in jeder Phase klar definieren und zu klären, was überhaupt im Ehrenamt geleistet werde kann. Dasselbe gilt für die Leistungen von Personen im Projektteam oder Rovern, die z.B. als Handwerker*innen beigezogen werden. Sinnvoll ist es, wenn ihr vorgängig festhaltet, wann es für Pfadi-Handwerker*innen oder -planer*innen eine Schwelle des Machbaren überschreitet. Diskutiert das unbedingt früh genug, nicht erst, wenn Pläne fehlen oder Arbeiten nicht wie vereinbart fertig gestellt werden.
Einen Pfadiheimprojekt kann dann umgesetzt werden, wenn Durchhaltewillen und genügend Personen, welche das Projekt tragen an Bord sind. Dabei ist Kommunikation, Dank und Anerkennung sehr wichtig, damit der Atem nicht ausgeht.","Ehrenamt, Dank und Anerkennung","13, 15, 16, 17, 18, 19, 43",,,Ri,,,
15,über alle Phasen,Struktur und Organisation,Rolle Abteilung,Wie sieht die Rolle der Abteilung(en) aus: Welche Eigenleistungen tätigen die aktiven Pfadis? Wie ist die Rolle des Leitungsteams? Wie ist die Mitsprache während des Prozesses? Dies ist innerhalb des Projekts und während dem laufenden Betrieb klar zu definieren und auch immer wieder zu reflektieren.,Ehrenamtliche Leistung,"13, 14, 16, 18, 19, 38, 42",,,,,,
16,über alle Phasen,Struktur und Organisation,Ehrenamtliche Leistung: Abrechnung,"Bei Gesuchen an Stiftungen oder den Lotteriefonds kann es wichtg sein, die ehrenamtich geleisteten Stunden auszuweisen. Dies betrifft dann auch die Planung, Sitzungen, Bauführung, etc. Für die Gesuche müssen diese als monetäre Eigenleistungen ausgewiesen werden und/oder sauber von bezahlten Leistungen abgegrenzt werden können. weisen. Jemand im Projektteam soll den Auftrag erhalten, diese Auflistungen zu führen.  Die Aufgaben müssen im Vornherein klar abgegrenzt werden zwischen ehrenamtlich und bezahlt.","Gesuche, Finanzen, Unterstützung","12, 13, 14, 15, 19, 41, 42","Strübi : Planungshilfsmittel?: was ist ehrenamtlich sinnvoll, was weniger, was unmöglich? Vielleicht so eine Vorlage erstellen?",,Ri,,,
17,Konzeptionsphase,Struktur und Organisation,Beizug Fachpersonen,"Sucht in eurem Netzwerk nach einer passenden Person, welche euch bei den Planungen professionell unterstützen kann. Dies kann bei der Bauplanung eine Architekt*in oder auch eine Bauplaner*in oder Bauzeichner*in sein. Wichtig ist, dass ihr euch vorgängig überlegt, wie ihr diese Arbeit entschädigen werdet. Der Aufwand ist in keinem Fall zu unterschätzen und übersteigt in der Regel die Möglichkeiten von Ehrenamtlichen. Die Kosten für eine professionelle Planungsperson müssen unbedingt früh genug budgetiert werden.","Ehrenamt, Planer*in, Archtiekt*in, professionell, Entschädigung","9, 10, 13, 14, 15, 18, 28, 29, 32",,,Ri,ja,,
18,Konzeptionsphase,Struktur und Organisation,Suche nach einer Bauleitung,"Ebenfalls in eurem Netzwerk kann die Suche nach einer Bauleitung los gehen. Bei dieser Funktion ist es nötig, dass die Person auch an Arbeitstagen und während den Bürozeiten manchmal verfügbar ist. In der ""heissen"" Bauphase kann dies häufig der Fall sein. Diese Anforderung muss klar kommuniziert werden und auch hier sind Überlegungen zur Entschädigung nötig. Diese sollte während dem Prozess auch mal wieder überprüft werden und ob die Person mit der aktuellen Vereinbarung weiterhin so arbeiten kann, wie es für das Projekt und sie selber nötig ist.","Ehrenamt, Bauleitung, Entschädigung","5, 14, 15, 16, 17, 28, 43",,,Ri,ja,,
19,Konzeptionsphase,Finanzierung,Kostenschätzung,"Für das Projekt sollte in einem ersten Schritt eine generelle Tragbarkeit erstellt werden. Dazu benötigt ihr eine Kostenschätzung, die die ungefähren Eckdaten abbildet. Die generellen Überlegungen sowie die erwarteten Enschädigungen für den Beizug von Fachpersonal bilden dazu die Grundlage. Sinnvollerweise erstellt diese Schätzung eine Planer*in zusammen mit der Kassier*in oder einer Finanzfachperson aus eurem Pfadiumfeld. ",Tragbarkeit,"1, 3, 16, 20, 21, 30, 33, 35, 36, 44",beobachter,"Gibt es hier Beispiele? Wieviel kostet die Planung, ungefähre Eckdaten für typische (Um)Bautätigkeiten wie Fassaden erneuern, neue Küche, Bäder sanieren, Böden erneuern/Trittschall verbessern, Anbauten, Treppenhäuser erneuern etc.",,,,
20,Konzeptionsphase,Finanzierung,Kostenplanung,"Basierend auf der Kostenschätzung benötigt ihr einen ersten Wurf eines Businessplanes und Finanzierungplans. Daraus ergeben sich dann einige, viel spezifischer Fragen z.B. bezüglich einer Hypothek. Wichtig in diesem Prozessschritt ist auch die Liquiditätsplanung: Wann braucht es wieviel Eigenmittel? Wer ist verantwortlich für die Bezahlung von Löhnen? Welche Beiträge könnten von einer Stiftung unterstützt werden? In die Planung solltet ihr auch Beiträge von Stiftungen und Fundraising einberechnen. Diese sind je nach Regelungen der Stiftungen an Bedingungen geknüpft, dies ist frühzeitig abzuklären. Hier hilft der kantonale Austausch mit anderen Heimen und/oder dem Kantonalverband.

Hilfsmittel zur Suche nach Stifungen: fundraiso.ch 
Eingabe Gesuch an Pfadistifung: pfadistiftung.ch/home/gesuch-eingeben/ 
","Hypothek, Liquiditätsplanung, Pfadistiftung","13, 16, 19, 21, 30",,"Download Antragsformular
Ist der Lotteriefonds unabhänging oder läuft das Parallel?
Es gibt Probleme beim Vermieten, soviel ich weiss. Ist das noch so? Lotteriefonds eckangaben",Ri,,,
21,Konzeptionsphase,Finanzierung,Betriebskosten,"In den Businessplan gehört auch ein Abschnitt zu den Betriebskosten. Dieser kann erst später präzisiert werden, aber es ist nötig, dass mit den generellen Überlegungen, zur Vermietung und allgemeinen Nutzung (Unterhalt, Abwart, Übergaben/Abnahmen). Die Ausrichtung verursacht unterschiedliche Kosten und auch Einnahmen (erwartete Spenden?). Diese Planung muss langfristig sein und für mehrere Jahre gesichert, inkl. Rückstellungen.","Betriebskosten, Ausgaben, Planungsbudget, Auslastungsplanung","11, 20, 26, 27, 33, 34, 37, 41, 45, 46", ,,,,,
22,Planungsphase,Art und Weise des Projekts,Raumaufteilung,"Im Planungsteam erstellt ihr eine mögliche und gewünschte Raumaufteilung. Ihr habt aus der Erhebung Bedürfnisse und des Raumbedarfs die Grundlagen, darauf könnt ihr jetzt in Zusammenarbeit mit der Planer*in eine erste Raumaufteilung erarbeiten. Der Platz am gewählten Standort gibt euch natürlich einiges vor. Bedenkt auch Möglichkeiten für eine gewisse Raumflexibilität, wenn sich die Bedürfnisse der Abteilung ändern (z.B. mehr Wölfe, neue Piostufenéquipe, etc.). Es hat sich bewährt, 2 -3 andere (neue) Heime anzusehen und dort z.B. mit Leitenden und der Hauswärtin zu sprechen über Vor- und Nachteile.",Raumbedarf,"1, 2, 3, 6, 7, 23, 25, 46",Ein Beispiel für eine Raumaufteilung,,,,,
23,Planungsphase,Art und Weise des Projekts,Raumbedarf,"Je nach Nutzung stellen sich verschiedene Fragen, dazu gehören:
- Welche Räume benötigt die Abteilung als Gruppenräume?
- Welcher Bedarf besteht für Materiallagerung?
- Wie viele Betten werden für den normalen Abteilungsbetrieb benötigt? 
- Welche Grösse müssen Küche, Waschräume, Duschen, Aufenthaltsraum u.s.w. haben? Die Anzahl Nutzenden/Anzahl Schlafplätze hat einen Einfluss auf die Anzahl der sanitären Anlagen.
- Welche Räumen müssen wie miteinander verbunden sein? 
- Gibt es Räume, die (ausschliesslich) von aussen zugänglich sein sollen?
- Welche Räume sind beheizt, welche haben zum Beispiel ein Zwischenklima?

Sollte das Heim für Kurse genutzt werden können, werden ungefähr diese Räume benötigt:
- Schlafräume Teilnehmende 24 bis ca. 36 Plätze
- Schlafraum Leitungsteam 8 - 10 Plätze
- Schlafraum Küchenteam 4 - 6 Plätze
- 1-2 grössere Aufenthaltsräume mit Tischen
- 1-2 Gruppenräume
- Möglichkeit für Lagerung Material, Garderobe usw.

Aufgepasst, bei der Sammlung des Raumbedarfs wird häufig zu gross gerechnet. Auch hier lohnt es sich, nebst anderen Häuser anzuschauen, diese in der Grösse (bspw. Vergleich m2 der Räume) und mit einer Architekt*in die Raumbedürfnisse zu reflektieren. Dabei soll auch die Nutzungsüberlagerung betrachet werden, z.B. kann ein Raum als Besprechungsraum und auch als Schlafraum genutzt werden.","Raumeinteilung, Generelle Überlegungen","1, 2, 3, 6, 7, 22, 25, 32",rot vielleicht eher zur EInrichtung /Mobiliar?,,Or,,,
24,Planungsphase,Art und Weise des Projekts,Gastronomie,"Erstellung eines Gastronomiekonzepts für die Erarbeitung der benötigte Küchengeräte und Platzbedarf. Richtet euch dabei an der vorgesehenen Nutzung aus, welche Leitlinien für die Einrichtung gibt. Überlegt euch, dass die Küche gut begehbar sein soll und auch, ob ihr gewisse Einrichtungen so anpassen möchtet, dass auch die Wölfe und Pfadis mithelfen können (Waschbecken erreichbar, Backofen und Vorratsflächen auf Kinderhöhe etc.). Je nach Nutzung (Vermietung oder nicht) gibt es Vorschriften betreffend Hygiene und erlaubten Materialien. Fragt dazu beim kantonalen Lebensmitelinspektorat nach, wenn eure Bauplaner\*in/Architekt*in dies nicht kennt.
Auch die Küchengerätesollten den Bedürfnissen eines Pfadibetriebens entsprechen: komplexe Apparate wie Steamer, Kippbratkesseln u.ä. sind teuer in Anschaffung und Unterhalt und sind eher auf die Bedienung durch Profis ausgerichtet als auf eine Bedienung durch Laien.

Viele Gastrogeräte und Chromstahlelemente gibt es im Occasions-Handel oder bei Baubörsen. Informiert euch dazu bei Bauteilbörse (Raum Basel), Bauteilladen Winterthur oder Plattform useagain.ch ","Gastronomie, Küchen, Kochen, Geräte","1, 2, 3, 19, 32, 33",Wo sind diese Occasions-Handel..??,"Strübi: Gastrogeräte und Chrostahlelemente gibt es im Occ. Handel oder bei Baubörsen.
Ev. gilt es Vorschriften betr. Hygiene, erlaubte Materialien  etc. (=>Lebensmittelinspektorat) zu beachten.
Hinweis zu Ausrüstung in Abhängigkeit mit Grösse / Bedürfnis 

bzgl. Lebensmitteltechnologie, evtl. 2. Text",Ri,,,
25,Planungsphase,Art und Weise des Projekts,Sanitärräume,"Für die Sanitärräume gibt es viele Erfahrungen, was sich bewährt und was nicht. 
Einige Tipps: 
- Für die Übernachtung mit Bibern/Wölfen ist es wichtig, Toiletten nahe bei den Schlafräumen zu haben. 
- Die Brünneli und Hahnen sollten auch für die Kleinen gut erreichbar sein. Dasselbe gilt für Haken für die Kleider, Neccessaires, Tüechli. Auch Schemel sind hilfreich.
- Für den Abteilungsbetrieb ist es sehr wertvoll, eine Toilette so zugänglich zu haben, dass sie während dem Pfadibetrieb schnell zugänglich ist, wenn möglich sogar mit Dreckschuhen. 
- Auch ein Wasserhahn in der Nähe des Spielflächen ist immer praktisch. 
- Es empfiehlt sich, keine Fenster in Duschennähe zu haben wegen der Einsicht (auch Umkleide).
- Duschen sind geschlechtergetrennt zu planen. Wo dies platzmässig schwierig ist, sind Einzelkabinen eine gute Lösung.
- Viele Konflikte und unangenehme Situationen können bei Einzeltoiletten ohne Geschlechtertrennung umgangen werden. Die Toiletten sollten so zugänglich sein, dass sie nicht via  Waschräume oder Duschen erreichbar sind. Eine technische Bündelung hinsichtlich Leitungsführung ist sinnvoll.","Raumeinteilung, Raumbedarf, Sanitäre Anlage","2, 6, 23, 32, 33, 42","Weitere Hinweise zu Duschen nötig? z.B: Geschlechergetrennt, wenn zu wenig Platz für getrennte Duschen Einzelduschkabinen planen?",,Ri,ja,,
26,Planungsphase,Art und Weise des Projekts,Warmwassererzeugung,"Die Warmwassererzeugung ist eine zweite Frage im Rahmen der Heizsysteme. Es ist natürlich nicht ganz losgelöst, aber es gibt je nach Nutzung durchaus der Sinn, verschiedene Systeme zu nutzen. Hier lohnt es sich, beraten zu lassen. Wenn die Planer*in oder Architekt*in dazu zu wenig Erfahrung mitbringt, soll diese euch weitere Kontakte angeben.

Hilfreiche Links:
- energie-zentralschweiz.ch/fachinformationen/muken.html 
- buildigo.ch/de/article/energieberater (Fachstelle der Mobiliar)
- kantonale Förderprogramme","Sanitäre Anlagen, Warmwasser, Warmwassererzeugung, Heizsysteme","9, 17, 19, 20, 21, 27",,,Ri,ja,,
27,Planungsphase,Art und Weise des Projekts,Heizsysteme,"Es gibt Pfadiheime, die sind nur im Sommer nutzbar, wenn es keine Heizung braucht. Das ist eine Überlegung, wirkt sich aber auf die Einnahmen und die Möglichkeiten für die Abteilung aus. In aller Regel werden die Heime geheizt und dann gibt es diverse Fragen, die auch kostenrelevant sind:
- Wie wollen wir heizen (Gas, Holzpellets, Wärmepumpe, Fernwärme etc.)? 
- Welche Konsequenzen hat die Heizart auf das Raumprogramm?
- Welche Möglichkeiten haben wir für eigenständige Wärme-/Stromversorgung (Holz, Solar)? 
- Soll das Heim vorgeheizt werden können bei Vermietungen?
- Gibt es Räume, die unbeheizt sind?

Hinweis aus Erfahrungen: Stückholzheizungen sind für die Nutzung im Pfadiheim weniger geeignet, insbesondere wenn es vermietet wird. Es kann aber z.B. im reinen Abteilungsbetrieb durchaus eine Option sein.","Raumprogramm, Raumbedarf","3, 9, 17, 19, 21, 26, 29, 32",,,Ri,ja,,
28,Planungsphase,Art und Weise des Projekts,Baupläne,"Sobald sich eine erste Idee gefestigt hat, welche Räume euer Heim haben soll, könnt ihr einen ersten Wurf an Bauplänen erstellen lassen. Sucht euch dazu eine professionelle Unterstützung. Sollte dies ehrenamtlich geleistet werden, beachtet dabei die ""Grundregeln"". Es wird auch Anpassungen geben in der Bauphase, teilweise sind diese Tätigkeiten dann auch zeitlich drängend.
Die Erstellung der Baupläne sind zentral. Sie bilden die Grundlage für die Baubewilligung und Realisierung. Für erste Abklärung sind aber einfache Handpläne und Skizzen meist ausreichend.","Ehrenamtliche Leistung, Pläne","5, 14, 18, 22, 23, 40",,,,,,
29,Planungsphase,"Bauliche, ortbedingte Rahmenbedingungen",Solaranlage,"Der Begriff Solaranlage ist sehr allgemein und besagt nur, dass eine Anlage die Energie der Sonne nutzt. Beim Begriff Photovoltaik handelt es sich dagegen um eine spezifische Anwendung: Die Sonnenenergie wird direkt in Elektrizität umgewandelt. 

Spätestens bei einer Dachsanierung von eurem Heim macht es Sinn, eine Photovoltaik-Anlage in Betracht zu ziehen. Eine Photovoltaik-Anlage unterstützt nicht nur die Energiewende, sondern ist finanziell auch meistens eine sinnvolle Investition. Durch den Strom-Eigenverbrauch kannst du die Stromrechnung des Pfadiheims reduzieren und den Überschuss kannst du an deinem lokalen Stromversorger verkaufen. Auf https://www.sonnendach.ch kannst du eine erste Abschätzung des Solarpotenzials für dein Pfadiheim machen. Auf https://www.pv-tarif.ch siehst du die Rücklieferungstarife deines lokalen Stromversorgers.

Eine Photovoltaik-Anlage wird in der Regel durch eine spezialisierte Solar-Installationsfirma geplant und gebaut. Eine Solaranlage kann auf dem Dach montiert werden, man spricht von einer Aufdachanlage oder im Dach integriert werden (Indach-Anlage). Eine dritte Möglichkeit ist, die Anlage an einer Fassade mit zu montieren. Diese Varianten mit Vor- und Nachteilen sollten mit einem Fachbetrieb besprochen werden. 
Manchmal ist es möglich, an der Montage selber teilzunehmen: ein einmaliges Erlebnis für deine Teilnehmenden, die dadurch bestimmt vieles über Solarenergie lernen werden und sich vielleicht auch für die Berufswahl inspirieren lassen. In jedem Fall empfiehlt es sich, eine Installationsfirma zu finden, welche hinter deinem Projekt steht und einen Einblick die Montage ermöglichen kann.

Falls ihr Solarenergie erleben möchten, jedoch noch nicht für eine grosse Anlage auf dem Dach oder an die Fassade bereit seid, kann auch eine steckerfertige Balkonanlage einen niederschwelligen ersten Zugang zur Solarenergie ermöglichen.  Weitere Informationen dazu findest du hier: https://solarplattform.ch/plug-and-play-solaranlage-schweiz.",,"3, 10, 19, 26, 27, 32, 36","https://www.ekz.ch/de/blue/wissen/2021/was-ist-der-unterschied-zwischen-einer-solar-und-einer-photovoltaikanlage.html#:~:text=Was%20ist%20der%20Unterschied%20zwischen%20einer%20Solar%2D%20und%20einer%20Photovoltaikanlage%3F,-Artikel%20teilen&text=Der%20Begriff%20Solaranlage%20ist%20sehr,wird%20direkt%20in%20Elektrizit%C3%A4t%20umgewandelt.",,,,,
30,Planungsphase,,Finanzen und Solaranlage,"Eine Photovoltaik-Anlage ist eine interessante regelmässige Einnahmequelle für deine Pfadiabteilung. Allerdings muss sie zuerst finanziert werden. Die Anlage muss jedoch nicht unbedingt vollständig durch das Eigenkapital deiner Pfadiabteilung finanziert werden. Es existieren zahlreiche alternativen Finanzierungsmöglichkeiten: eine klassischen Bank-Hypothek, eine Contracting-Lösung oder sogar ein Crowd-Funding-Projekt können nicht nur die Finanzierung unterstützen, sondern je nach Modell auch dein Projekt und deine Pfadiabteilung in der Öffentlichkeit bekannt machen. 

Darüber hinaus werden in der Schweiz Photovoltaik-Anlagen subventioniert. Alle Informationen dazu findest du auf pronovo.ch.

Wenn eure Anlage ans Netz angeschlossen ist und Strom produziert, ist ein Grossteil der Arbeit gemacht. Allerdings darf der Betrieb nicht vergessen werden. Dazu gehört die Fernüberwachung und eine periodische Wartung um sicherzustellen, dass die Anlage stehts ihren Maximalertrag liefert. Lass dich diesbezüglich durch Fachspezialisten beraten. Meistens bieten auch Solarinstallateure Überwachungs- und Wartungsdienstleistungen an.
",,"9, 19, 20, 21, 36",,,,,,
31,Planungsphase,Art und Weise des Projekts,Jugendsolar,Da können Pfadi unter Anleitung selber Solaranlagen bauen. --> https://solafrica.ch/projekte/jugendsolar/ https://www.youthontheroof.nl/projekte/,"Umbauten, Neubau, Ökologie",,Anfrage bei Don Tostador erfolgt am 12.2.24,,,,,
32,Betriebsphase,Umbauten,Reflektion bestehendes Heim,"Habt ihr euer Haus schon länger, gehen vielleicht sogar die regelmässigen Vermietungen zurück, gab es vereinzelte Beschwerden?

Es lohnt sich, sich in regelmässigen Abständen sich zur eigenen Hausstrategie Gedanken zu machen. Dazu gehören einerseits konkrete bauliche Massnahmen wie:
- Überarbeitung und Sanierung der Haustechnik
- zeitgenössischens Heizungs- / Energie(gewinnungs)konzept
- Überarbeitung des Aussenraums (Flächen entsiegeln, klimaresiliente Bepflanzung usw.)
- Umweltaspekte in den Alltag einbeziehen: bspw. Kompost
Aber auch betriebliche Themen wie Vermietungsmöglichkeiten erweitern, Internetauftritt und Administration anpassen sind ab und zu zu überdenken.

Einige Inputs zur energetischen Sanierung könnt ihr hier abholen: https://www.evalo.ch/

Gerne bieten wir, die Stiftung Pfadiheim Schweiz eine Beratung hinsichtlich Häuserstrategie an. Dies kann zum Beispiel zu den Themen Küche, Dusche, Energie, Finanzierung, Abrechnung, Trägerschaften usw. sein. Kontaktiert uns bei Bedarf mit eurem Anliegen an info@stiftung-pfadiheime.ch",,"1, 2, 3, 4, 6, 7, 10, 21, 23, 26, 27, 40, 45,46, 47",Häuserstrategie!,,,,,
33,Planungsphase,Art und Weise des Projekts,Mobiliar + Einrichtung,"Schon möglichst früh, macht es Sinn, dass ihr euch überlegt, welches Mobiliar ihr für das Heim benötigt. Auch Neuanschaffungen sollten in das Budget und für gewisse grössere Dinge wird auch entsprechender Platz benötigt (z.B. Tische für draussen, Berechnung von Platz für Tische in den Schlafräumen etc.).
Wer das Heim nutzen soll, gibt auch vor, wie es ausgestattet ist! Denkt daran, wer während den Aktivitäten wie eingebunden sein soll (Küche, Materialräume). Wenn die Abteilung bei Schlechtwetter im Heim ist: wie sollen die Garderoben eingerichtet sein, damit sie praktisch sind (z.B. Brünneli und Putzsachen nahe beim Ausgang, Haken auf Wölfli-Höhe, Materialraum mit Dreckschuhen betretbar, etc.).
Bei einer Auflösung eines Restaurant, Hotels oder sonstigen Betriebs gibt es auch immer wieder die Möglichkeit, Ausstattung wie Geschirr, Besteck, Möbel günstiger zu kaufen. Es muss nicht über das ganze Haus denselben Typ Stuhl oder Tisch sein, jedoch hilft es, wenn das Mobiliar so erkennbar ist, dass auch bei Heimübergaben schnell klar ist, wenn etwas fehlt. ","Möbel, Ausstattung, Beschriftungen, Inventar, Netzwerk","15, 17, 19, 24, 32, 39, 44, 45",,,,,,
34,Betriebsphase,Struktur und Organisation,HeimV,"Von A wie Anfrage bis Z wie Zahlung
heimv.ch ist ein Online-Tool für Pfadiheim-Vereine um den gesamten Buchungsprozess abzuwickeln. Diese Features kann HeimV:
- Reservationsanfragen verwalten
- Verträge und Anzahlungen erstellen
- Tarife für Buchungen festlegen
- Verbrauch abrechnen
- Rechnungen verschicken
- Zahlungen via ESR-Standard einlesen und verwalten

Der Kalender lässt sich auch direkt ins Pfadiheim-Verzeichnis integrieren, die Mieter*innen tragen selbst die Anzahl anwesender Personen nach und die Rechnungen werden basierend darauf digital erstellt. So habt ihr den ""Bürokram"" in einer sauberen Lösung und kompakt organisiert. 
HeimV kostet euch als Abteilung ca. 240 Fr., einen Teil der Entwicklungs- und Wartungskosten übernimmt die Pfadistiftung für alle Nutzer*innen. 

Wenn ihr Anliegen habt oder Ideen, die noch integriert werden sollten, wendet euch an: info@heimv.ch.","Heimverwaltung, Reservationen, Vermietungen","21, 37, 41",,"Was ist mit Heimen, welche nicht vermietet werden? Braucht es da nicht auch eine Unterstützung zur Administration? oder haben die dann so viel weniger?",noch ergänzen!,,,
35,Planungsphase,Art und Weise des Projekts,Anforderungen Brandschutz,"Für die Grundrissplanung sind auch Vorgaben im Bereich Brandschutz ziemlich massgebend. Dazu müssen z.B. Fluchtwege, Notbeleuchtungen, Brandmeldeanlage, Blitzschutz, RWA-Anlage usw. sowohl platzmässig als auch im Budget eingeplant werden. Es ist dabei ein grosser Unterschied, ob ihr im Heim übernachten möchtet oder nicht. Diese Fragen sind insbesondere für jene wichtig, welche ein bestehendes Heim umbauen und später für Übernachtungen nutzen möchten. Holt euch dafür am besten eine Fachperson oder macht einen ersten Vorschlag und sprecht euch dann mit der Gemeinde ab.","Budget, Grundriss, Planung Zielgrupppe, Umbauten, Raumbedarf","2, 7, 17, 19, 28, 32, 46",,,,,,
36,Planungsphase,Finanzierung,Unterstützungsbeiträge,"Die Finanzierung der Um- und Neubauten eines Pfadiheimes ist äusserst anspruchsvoll. Die Finanzierung durch eine Hypothek kann sinnvoll sein, wenn die Zinsbelastungen durch die Trägerschaft auch langfristig getragen werden kann (und auch bei Zinserhöhungen noch gesichert ist). Die Finanzierung sollte also nur zu einem kleinen Teil durch eine Hypothek geschehen. Im Idealfall können die Kosten durch Spenden, Stiftungen und Gönner finanziert werden. Je nach Region und Kanton gibt es unzählige Möglichkeiten, um Bauvorhaben finanziell untersützen zu lassen. 
- Gemeinde: Informationen über lokale Stiftungen, mögliche Beiträge der Gemeinde via Jugendfürsorge oder Jugendkommission
- Der Sporttotto-Fonds ist kantonal organisert und untersützt häufig Projekte mit nahmhaften Beträgen. Hier gibt es aber kantonal grosse Unterschiede, vor allem bei Heimen, die vermietet werden. Tipp: Kontakt zum KV oder einer Abteilung erstellen, welche schon Erfahrungen mit den Möglichkeiten und Rahmenbedingungen hat. Anfrage zu bereits erfolgten Projekten könnt ihr hier erhalten: info
- Regionale und überregionale Stiftungen anfragen. Online findet man verschiedene Verzeichnisse von Stiftungen.
- Energie: Kantonale Energiefachstellen / Förderprogramme abklären",,"7, 9, 16, 19, 20, 30, 36",,,,"Cheeky allgemein

erledigt ;-)",,
37,Betriebsphase,Vorinbetriebnahme,Kommunikation: Internetauftritt und Bearbeitung,"Eine gute Kommunikation ist das A und O. Schliesslich möchte man möglichst viele potentielle Mietendende erreichen können. Es gibt viele Plattformen resp. Heim- und Gruppenhausverzeichnisse, welche nur noch ""befüllt"" werden müssen. 

Folgende Inhalte sollen also mindestens erarbeitet werden:
- Texte, die das Haus beschreiben
- Ablauf des Mietverhältnis / Hausvermietung
- gute Fotos von innen, aussen und Umgebung
- allfällige Verlinkung auf der Abteilungswebsite
- Facts rund um das Haus (wie viele Räumen, Anzahl sanitäre Anlagen usw.)
- Wegbeschrieb zum Haus / Einbettung Kartenausschnitt
- Kontaktperson / Kontaktemailadresse, welche personenunabhängig ist (pfadiheim@pfadibeispiel.ch)
- optional: was gibt es rund um das Haus, allenfalls mit Kontakte (z.B. Schulhaus mit tollem Pausenplatz, Kontakt zur Schule, Hallenbad usw.)

Wichtig ist, dass die Informationen aktuell gehalten werden und dass bei Kontaktaufnahmen innerhalb von 48 Stunden geantwortet wird. Hilfreich ist dazu eine Mail, die bei einer neuen Anfrage als automatische Antwort (Inhalt: Eingangsbestätigung und ""Wir kümmern uns um deine Anfrage."") versendet wird.","Fotos, Website, Heimverzeichnis, Übersetzungen","15, 34, 43",,,,,,
38,Planungsphase,Struktur und Organisation,Einschränkungen während dem Bau,"Bei einem umfangreichen Bauprojekt kann der Pfadibetrieb für mehrere Monate eingeschränkt sein.
Fragen könnten u.a. sein:
- Wo finden während der Bauzeit die Aktivitäten der Stufen statt?
- Gibt es in der Gemeinde alternative Räume, die benutzt werden dürfen?
- Können einige Räume während dem (Um)Bau trotzdem genutzt werden?
- Haben wir an einem Ort unser Material und an einem anderen Ort können wir unsere Planungshöcks und Aktivitäten durchführen?
Bei der Suche nach Alternativen bedenkt, dass es auch immer wieder auch zu zeitlichen Verzögerungen kommen kann.","Netzwerk, Abteilungsbetrieb","8, 13, 15, 43",,,,,,
39,Betriebsphase,Vorinbetriebnahme,Signaletik & Beschriftungen,"Für einen sorgfältigen und bewussten Umgang im Haus sind Beschriftungen im und um das Haus wichtig. Bei der Erarbeitung ist darauf zu achten, dass eine verständliche Sprache verwendet wird, Hilfestellungen dazu gibt z.B. die Website portaleinfach.org. Pfadiheime in der Schweiz sollen mindestens in deutscher und in französischer Sprache beschriftet sein. 

Hier eine Sammlung von Bereichen, wo eine Beschriftung sinnvoll ist. 
- Hausbeschriftung: Abteilungsname? Informationstafel mit Vermietungsinformationen und Kontaktdaten für Vermietungsanfragen.
- Raumbeschriftung (Fotos, wie die Räume wieder aufgeräumt aussehen soll)
- Inventarbeschriftungen Küche, allenfalls mit Fotos ergänzen
- Signalisierung Fluchtwege (und Sicherheitsbeleuchtung)","Sprachen, Bilder, Beschriftungen","24, 25, 29, 33, 41",,,,,,
40,Konzeptionsphase,,Erschliessung,"Klärt die Notwendigkeit und Möglichkeit für die Zufahrt zum Heim und die nötigen Parkplätze ab. Bei einem Neubaustandort ist es sehr empfehlenswert, diesen in erreichbarer Distanz zu einer guten öV-Verbindung zu planen. Insbesondere wenn ihr es auch als Kursheim vermieten möchtet, muss diese Anreise gut möglich sein. Auch eure eigenen Biber und Wölfe sollten es gut schaffen, auch am Samstag Nachmittag zu Fuss ins Heim zu gelangen und zurück.

Zur Erschliessung gehört nebst dem Weg auch Wasser, Abwasser und Strom. Diese Planung ist nicht zu unterschätzen und ist frühzeitig abzuklären.",Ökologisches Bauen,"1, 3, 4, 7, 10, 32",,,,,,
41,Betriebsphase,Struktur und Organisation,Informationen während des Betriebs,"Benutzungsreglemente oder Hausordungen sollen den reibungslosen Betrieb sicherstellen und für den Pfadibetrieb sowie für die Vermietungen Gültigkeit haben. Sie sollen den Benutzer*innen ihre Verantwortlichkeiten und Möglichkeiten der Benutzung aufzeigen. Gute Benutzungsreglemente/Hausordungen sind kurz und bündig verfasst (max. 1 A4 Seite) und sollten nicht nur Verbote umfassen sondern Möglichkeiten der Benutzung aufzeigen. Die Benutzungsreglemente/Hausordungen müssen sich entwickeln und mit der Zeit angepasst werden.
Mögliche Inhalte:
- Infos zum Aussengelände (z.b. Spielwiese) und Grundstücksgrenzen (Nachbarn)
- Infos zu allen Räumen und deren Pflege
- Infos zur Reinigung
- Infos zur Heizung / Feuerstellen / Holz
- Infos zur Abfallentsorgung / Recycling
- Infos zu Gefahren rund ums Haus (Gewässer, Strassen, usw.)
- Infos zum Verhalten bei Gefahrensituationen (z.B. Brand)
und weitere Infos zu gebäudespezifischen Besonderheiten",,"11, 12, 15, 37, 38, 39, 42, 45",,"Cheeky allgemein

erledigt ;-)",Ri,ja,,
42,Betriebsphase,Struktur und Organisation,Nutzungen koordinieren,"Plant die Zeitfenster für die Benutzung des Hauses durch die eigenen Pfadis oder Vermietungen. Stellt euch folgende Fragen, damit ihr nicht später unglückliche Situationen rund ums Heim erlebt:
- Wie tangieren die Vermietungen den Pfadibetrieb? 
- Wann ist ein beliebter Zeitpunkt für externe Vermietungen? 
- Gibt es einen Mietvorrang der eigenen Abteilung oder Räume, die nur teilweise oder gar nicht gemietet werden können?
Diese Punkte müssten auch auf der Website, im Pfadiheimverzeichnis und im Vertrag erwähnt werden.",Vermietung,"1, 15, 37, 38, 41",,,Ri,ja,,
43,konzeptionsphase,,Lärm,"Viele Abteilungen beklagen Probleme mit Nachbarn wegen Lärm. Im Besten Fall wird bereits bei der Erarbeitung des Projekts die Typologie des Gebäudes so geplant, dass beispielsweise Spielflächen von den umliegenden Gebäuden abgewandt sind. Auch Ein- und Ausgang zum Lagerfeuerbereich oder dem Materialraum könnte so angeordnet werden.

Bauphase: Auch um Klagen durch Baulärm und sonstige Umtriebe entgegenzuwirken, sollte vor Beginn der Baupahse mit den Nachbarn Kontakt aufgenommen werden, um sie über das Projekt zu informieren. Es macht Sinn, früh aktiv auf sie zuzugehen. Eine Baubewilligung wird normalerweise im Gemeindeblatt und online veröffentlicht, weshalb ihr besser schon vorher eine Informationsaktion macht.","Raumbedarf, Typologie, Nachbarschaft","32, 37, 38, 41",,,Ri,,,
44,Planungsphase,"Bauliche, ortbedingte Rahmenbedingungen",Baumaterial,"Ob Umbau, Anbau, Neubau oder Anschaffung von Mobiliar: Eine zeitgemässe Wahl von Materialien beachtet ökologische Aspekte. Für Baumaterialien lasst ihr euch am besten beraten, welche Materialien welche Lebensdauern aufweisen. Oft sind nicht die günstigsten in der Anschaffung jene, die dann auch auf Dauer günstig sind. Zudem ist ""günstig"" leider oft mit ""ökologisch bedenklich"" gepaart. Als Beispiel gibt es eine gekieste Zufahrt, welche im Winter schwieriger zu bewirtschaften ist und der allgmeine Wartungsaufwand etwas höher ist. Sie ist sowohl für den Abfluss von Regen als auch als Lebensraum für Kleintiere und für Wanderer*innen jedoch viel lukrativer. 

Baumaterial ist sinngemäss zu verwenden: Dort wo im Aussenraum Holz verwendet wird, dort ist auch der Schutz zu überlegen. Wo brauchen wir ein Vordach? Wie behandeln wir das Holz (oder eben nicht). Grundsätzlich ist empfohlen, natürliche, nachwachsende Materialien zu verwenden und diese auch möglichst unbehandelt zu lassen, z.B. eine sägerohe Holzlattung als Fassadenverkleidung.

Nachhaltig beinhaltet unterschiedliche Bereiche: so können Materialien, welche pflege- und unterhaltsarm sind nachhaltig sein, aber auch Materialien, die in einem Radius von 20km erstellt werden. Holzläden schleifen und streichen können auch von den Pfadis selbst erledigt werden!

Die Überlegungen zu Materialien gehen vom Baumaterial selbst bis zum Holzschneidebrett in der Küche. Über den ganzen Betrieb gesehen ist auch relevant, wie viel Material überhaupt gebraucht wird. Schlussendlich kann eine clevere Raumaufteilung dazu führen, dass das gesamte Haus weniger Fläche und Volumen und somit auch an Materialien spart - und schlussendlich auch Heiz- und Wartungsaufwand.

Hilfestellungen gibt es beispielsweise beim Verein ecobau.ch/ und in der Publikation Klima bauen (Verlag Hochparterre).","Baumaterial, Raumaufteilung, Mobiliar, Inventar, Wartung","3, 10, 22, 23, 26, 27, 29, 33",,,,,,
45,Betriebsphase,Struktur und Organisation,Laufender Unterhalt + Wartung,"Wenn das Pfadiheim in den laufenden Betrieb übergeht, so bedarf dies einer Unterhaltsplanung. Darin soll festgehalten werden, wann welche Aufgaben anstehen. In einer mittelfristigen und langfristigen Planung sind dabei Renovationen usw. mit zu denken. Ein Gebäude ist zu unterhalten und zu pflegen, wie das bei einem Velo oder einem Auto der Fall ist. 

Ein regelmässiges Aufräumen im und ums Haus kann beispielsweise durch die Piostufe und/oder die Roverstufe getätigt werden. Dabei können kleine Reparaturen, Malarbeiten und Reinigungen getätigt werden und es lohnt sich, dabei auch alle Beschriftungen und das gesamte Inventar zu überprüfen. Die Regelmässigkeit ist abhängig von den Vermietungsintervallen oder Vermietungssaison, zum Beispiel halbjährlich, mindestens jährlich. Gibt man den Räumlichkeiten Sorge, so geben auch die Mietenden Sorge.

Stehen grössere Überlegungen (Sanierungen, Ersatz von technischen Geräten oder sonstigen Ausstattungen) an, so lohnt es sich, diese zu bündeln und sich grundsätzliche Überlegungen zur Hausstrategie zu tätigen. Dazu gehört, dass auch für den Betrieb ein Finanzkonzept mit entsprechenden Rückstellungen erarbeitet wird.","Unterhalt, Reparaturen, Reflektion, Materialien","6, 21, 23, 32, 33, 36, 42",,,,,,
46,"Planungsphase, Betriebsphase",,Belichtung und Beleuchtung,"In erster Linie sind Räume natürlich zu belichten und belüften. Je nach Raumaufteilung gibt es Räume, die künstlich belichtet und belüftet werden müssen. Mit der Belichtungsplanung können beispielsweise Überlegungen gemacht werden, in welchen Räumen ein Bewegungsmelder sinnvoll ist. Die Platzierung hat einen Einfluss auf die Orientierung und die Sicherheit, weitere Tipps findet ihr hier: bfu.ch/de/ratgeber/beleuchtung. Auch bei der Wahl von Lampen sind Aspekte des Energieverbrauchs, der Robustheit und der Leuchtstärke zu tätigen.
Im Aussenraum ist die Beleuchtung ebenfalls auf ein Minimun zu reduzieren, genügend Licht für die Benutzenden, aber so, dass sich Insekten wenig gestört fühlen. Auch hier eignen sich Bewegungsmelder, die nach unten gerichtet sind und ein gedämpftes Licht haben.","Mobiliar, Licht, Luft","10, 17, 33, 39",,,,,,
47,Planungsphase,Finanzierung,Versicherungen,"Dein Pfadiheim sollte auch gut versichert sein – hier paar generelle Tipps: 
 
Haftpflichtversicherung: 
Für Schäden gegenüber Dritten – prüfe in deinem Kantonalverband, ob nicht bereits eine kollektive Vertragslösung besteht.
 
Sachversicherung / Gebäudeversicherung: 
Viele Kantone haben eine obligatorische Gebäudeversicherung für Feuer und Elementar-Risiken. Versicherungen für Schäden durch Wasser (Bsp. Leitungsbruch), Glasbrüche und Einbruch können individuell versichert werden
 
Inventarversicherung: 
Geschirr, Tische, Bänke, Betten etc. können gegen Feuer, Wasser, Diebstahl und Vandalismus versichert werden. Wir empfehlen die «Lagermaterialversicherung» der PBS abzuschliessen. Weit über 200 Abteilungen und Heimvereine nutzen dieses Angebot schon. Anmeldung via PBS Geschäftsstelle, Kernaufgabe Support: 031 328 05 45.
Infos dazu findet ihr auch auf der Homepage: https://pfadi.swiss/de/verband/support/
 
Fragen: Einige zusätzliche Informationen findet ihr hier: https://www.comparis.ch/hausrat-versicherung/hausratversicherung/glasversicherung#content-3-content-1.

Ausserdem kannst du dich jederzeit an die Versicherungsverantwortliche deines Kantonalverbandes oder unsere Stiftung unter info@stiftung-pfadiheime.ch wenden! Melde dich ungeniert! 
",,"12, 21, 33, 35, 39, 41",,,Ri,ja,,
48,Planungsphase,,Umgebungsplanung,"Wenn ihr den Umschwung plant - denkt nicht nur an das schnelle Rasenmähen, sondern auch an mögliche ökologische Inseln. Vielleicht gibt es im näheren Umfeld auch schon Schutzgebiete oder extensive landwirtschaftliche Flächen, welche ihr mit eigenen Elementen ergänzen könnt. Als Umgrenzung ist auch eine naturnahe Hecke viel ökologischer als ein Metallzaun. Neben der Herkunft des Materials, ist er auch für Wildtiere undurchdringbar oder kann gar zur Falle werden. Ist eine Kombination oder Alternative aus einheimischen Holz möglich? 
Überlegt euch auch, welche Flächen durch wen und wie genutzt werden. Könnte auch eine PTA-Gruppe am Lagerfeuer teilnehmen? Wie ist das umwelttechnisch geschickt lösbar? ",,,,,,,,
